{
	"type": "array",
	"items": {
		"type": "object",
		"properties": {
			"serviceTitle": {
				"type": "string",
				"title": "Service Title",
				"maxLength": 20,
				"default": "Service Title"
			},
			"enabled": {
				"type": "string",
				"title": "enabled",
				"enum": [
					"Yes",
					"No"
				],
				"required": true,
				"pattern": {},
				"default": "Yes",
				"properties": {}
			},
			"image": {
				"type": "string",
				"title": "Service Image",
				"format": "uri",
				"default": "../img/monitorr.png"
			},
			"type": {
				"type": "string",
				"title": "Check Type:",
				"enum": [
					" Standard",
					" Ping Only"
				],
				"required": true,
				"pattern": {},
				"default": " Standard",
				"properties": {}
			},
			"ping": {
				"type": "string",
				"title": "ping",
				"enum": [
					"Enabled",
					"Disabled"
				],
				"required": true,
				"pattern": {},
				"default": "Disabled",
				"properties": {}
			},
			"link": {
				"type": "string",
				"title": "link",
				"enum": [
					"Yes",
					"No"
				],
				"required": true,
				"pattern": {},
				"default": "Yes",
				"properties": {}
			},
			"checkurl": {
				"required": true,
				"type": "string",
				"title": "Check URL",
				"format": "uri",
				"default": "http://localhost:80"
			},
			"linkurl": {
				"required": true,
				"type": "string",
				"title": "Link URL",
				"format": "uri",
				"default": "http://localhost:80"
			}
		},
		"dependencies": {
            "linkurl": ["link"]
        }
	}
}
