{
    "type": "object",
    "required": false,
    "properties": {
        "rfsysinfo": {
            "type": "string",
            "required": true,
            "default": "30000",
            "minimum": 1000,
            "exclusiveMinimum": true,
            "properties": {}
        },
        "rftime": {
            "type": "string",
            "required": true,
            "default": "180000",
            "minimum": 1000,
            "exclusiveMinimum": true,
            "properties": {}
        },
        "pinghost": {
            "type": "string",
            "required": true,
            "format": "uri",
            "default": "8.8.8.8",
            "properties": {}
        },
        "pingport": {
            "type": "string",
            "required": true,
            "default": "53",
            "properties": {}
        },
        "disk1enable": {
            "type": "string",
            "title": "disk1enable",
            "enum": [
                "Enable",
                "Disable"
            ],
            "required": true,
            "pattern": {},
            "default": "Enable",
            "properties": {}
        },
        "disk1": {
            "type": "string",
            "required": true,
            "default": "/",
            "properties": {}
        },
        "disk2enable": {
            "type": "string",
            "title": "disk2enable",
            "enum": [
                "Enable",
                "Disable"
            ],
            "required": false,
            "pattern": {},
            "default": "Disable",
            "properties": {}
        },
        "disk2": {
            "type": "string",
            "required": true,
            "default": "",
            "properties": {}
        },
        "disk3enable": {
            "type": "string",
            "title": "disk3enable",
            "enum": [
                "Enable",
                "Disable"
            ],
            "required": false,
            "pattern": {},
            "default": "Disable",
            "properties": {}
        },
        "disk3": {
            "type": "string",
            "required": true,
            "default": "",
            "properties": {}
        },
        "cpuok": {
            "type": "string",
            "required": true,
            "default": "75",
            "minimum": 1,
            "maximum": 100,
            "exclusiveMinimum": true,
            "exclusiveMaximum": true,
            "properties": {}
        },
        "cpuwarn": {
            "type": "string",
            "required": true,
            "default": "90",
            "minimum": 1,
            "maximum": 100,
            "exclusiveMinimum": true,
            "exclusiveMaximum": true,
            "properties": {}
        },
        "ramok": {
            "type": "string",
            "required": true,
            "default": "50",
            "minimum": 1,
            "maximum": 100,
            "exclusiveMinimum": true,
            "exclusiveMaximum": true,
            "properties": {}
        },
        "ramwarn": {
            "type": "string",
            "required": true,
            "default": "90",
            "minimum": 1,
            "maximum": 100,
            "exclusiveMinimum": true,
            "exclusiveMaximum": true,
            "properties": {}
        },
        "pingok": {
            "type": "string",
            "required": true,
            "default": "50",
            "minimum": 1,
            "maximum": 2000,
            "exclusiveMinimum": true,
            "exclusiveMaximum": true,
            "properties": {}
        },
        "pingwarn": {
            "type": "string",
            "required": true,
            "default": "500",
            "minimum": 2,
            "maximum": 2000,
            "exclusiveMinimum": true,
            "exclusiveMaximum": true,
            "properties": {}
        },
        "hdok": {
            "type": "string",
            "required": true,
            "default": "75",
            "minimum": 1,
            "maximum": 100,
            "exclusiveMinimum": true,
            "exclusiveMaximum": true,
            "properties": {}
        },
        "hdwarn": {
            "type": "string",
            "required": true,
            "default": "90",
            "minimum": 1,
            "maximum": 100,
            "exclusiveMinimum": true,
            "exclusiveMaximum": true,
            "properties": {}
        }
    },
    "dependencies": {
        "disk1": ["disk1enable"],
        "disk2enable": ["disk1enable"],
        "disk2": ["disk2enable"],
        "disk3enable": ["disk2enable"],
        "disk3": ["disk3enable"]
    }
}