{
    "type": "object",
    "required": false,
    "properties": {
        "sitetitle": {
            "type": "string",
            "required": false,
            "maxLength": 15,
            "default": "Monitorr",
            "properties": {}
        },
        "siteurl": {
            "type": "string",
            "required": false,
            "pattern": {},
            "format": "uri",
            "default": "http://localhost/monitorr",
            "properties": {}
        },
        "updateBranch": {
            "type": "string",
            "enum": ["master", "develop"],
            "required": true,
            "pattern": {},
            "default": "master",
            "properties": {}
        },
        "registration": {
            "type": "string",
            "title": "registration",
            "enum": [
                "Enable",
                "Disable"
            ],
            "required": true,
            "pattern": {},
            "default": "Enable",
            "properties": {}
        },
        "timezone": {
            "type": "string",
            "enum": [
                "US/Samoa",
                "US/Hawaii",
                "US/Alaska",
                "US/Pacific",
                "US/Mountain",
                "America/Chihuahua",
                "America/Mazatlan",
                "America/Mexico_City",
                "America/Monterrey",
                "Canada/Saskatchewan",
                "US/Central",
                "US/Eastern",
                "US/East-Indiana",
                "America/Bogota",
                "America/Lima",
                "America/Caracas",
                "Canada/Atlantic",
                "America/La_Paz",
                "America/Santiago",
                "Canada/Newfoundland",
                "America/Buenos_Aires",
                "America/Godthab",
                "Atlantic/Stanley",
                "Atlantic/Azores",
                "Atlantic/Cape_Verde",
                "Africa/Casablanca",
                "Europe/Dublin",
                "Europe/Lisbon",
                "Europe/London",
                "Africa/Monrovia",
                "Europe/Amsterdam",
                "Europe/Belgrade",
                "Europe/Berlin",
                "Europe/Bratislava",
                "Europe/Brussels",
                "Europe/Budapest",
                "Europe/Copenhagen",
                "Europe/Ljubljana",
                "Europe/Madrid",
                "Europe/Paris",
                "Europe/Prague",
                "Europe/Rome",
                "Europe/Sarajevo",
                "Europe/Skopje",
                "Europe/Stockholm",
                "Europe/Vienna",
                "Europe/Warsaw",
                "Europe/Zagreb",
                "Europe/Athens",
                "Europe/Bucharest",
                "Africa/Cairo",
                "Africa/Harare",
                "Europe/Helsinki",
                "Europe/Istanbul",
                "Asia/Jerusalem",
                "Europe/Kiev",
                "Europe/Minsk",
                "Europe/Riga",
                "Europe/Sofia",
                "Europe/Tallinn",
                "Europe/Vilnius",
                "Asia/Baghdad",
                "Asia/Kuwait",
                "Africa/Nairobi",
                "Asia/Riyadh",
                "Europe/Moscow",
                "Asia/Tehran",
                "Asia/Baku",
                "Europe/Volgograd",
                "Asia/Muscat",
                "Asia/Tbilisi",
                "Asia/Yerevan",
                "Asia/Kabul",
                "Asia/Karachi",
                "Asia/Tashkent",
                "Asia/Kolkata",
                "Asia/Kathmandu",
                "Asia/Yekaterinburg",
                "Asia/Almaty",
                "Asia/Dhaka",
                "Asia/Novosibirsk",
                "Asia/Bangkok",
                "Asia/Jakarta",
                "Asia/Krasnoyarsk",
                "Asia/Chongqing",
                "Asia/Hong_Kong",
                "Asia/Kuala_Lumpur",
                "Australia/Perth",
                "Asia/Singapore",
                "Asia/Taipei",
                "Asia/Ulaanbaatar",
                "Asia/Urumqi",
                "Asia/Irkutsk",
                "Asia/Seoul",
                "Asia/Tokyo",
                "Australia/Adelaide",
                "Australia/Darwin",
                "Asia/Yakutsk",
                "Australia/Brisbane",
                "Australia/Canberra",
                "Pacific/Guam",
                "Australia/Hobart",
                "Australia/Melbourne",
                "Pacific/Port_Moresby",
                "Australia/Sydney",
                "Asia/Vladivostok",
                "Asia/Magadan",
                "Pacific/Auckland",
                "Pacific/Fiji"
            ],
            "required": true,
            "pattern": {},
            "default": "Europe/London",
            "properties": {}
        },
        "timestandard": {
            "type": "string",
            "enum": [
                "True",
                "False"
            ],
            "required": true,
            "pattern": {},
            "default": "False",
            "properties": {}
        },
        "language": {
            "type": "string",
            "required": false,
            "default":"EN",
            "properties": {}
        }
    }
}
