[
    {
        "serviceTitle": "Google",
        "enabled": "Yes",
        "image": "..\/img\/google.gif",
        "type": " Standard",
        "ping": "Enabled",
        "link": "Yes",
        "checkurl": "https:\/\/google.com:443",
        "linkurl": "https:\/\/google.com"
    },
    {
        "serviceTitle": "Monitorr",
        "enabled": "Yes",
        "image": "..\/img\/monitorr.png",
        "type": " Ping Only",
        "ping": "Disabled",
        "link": "Yes",
        "checkurl": "http:\/\/localhost:80",
        "linkurl": "http:\/\/localhost:80"
    }
]